id,turn,semantic_category,instruction_type,visual_impact,object_type
360871,1,Object Replacement,Interrogative,Subtle Edit,Food
360871,2,Object Addition,Imperative,Subtle Edit,Furniture/Objects
147745,1,Object Addition,Imperative,Subtle Edit,Background/Scene
289514,1,Object Replacement,Imperative,Moderate Edit,Furniture/Objects
289514,2,Object Replacement,Interrogative,Moderate Edit,People
289514,3,Object Addition,Interrogative,Moderate Edit,Food
571790,1,Object Replacement,Imperative,Moderate Edit,Vehicles
544519,1,Object Replacement,Declarative,Subtle Edit,Food
81971,1,Attribute Changes,Imperative,Subtle Edit,People
565269,1,Object Addition,Imperative,Moderate Edit,Background/Scene
565269,2,Object Addition,Imperative,Moderate Edit,People
565269,3,Object Addition,Imperative,Moderate Edit,Vehicles
393243,1,Attribute Changes,Interrogative,Moderate Edit,People
573453,1,Scene Changes,Imperative,Moderate Edit,Background/Scene
178572,1,Object Addition,Imperative,Subtle Edit,People
3131,1,Object Replacement,Imperative,Subtle Edit,Furniture/Objects
3131,2,Attribute Changes,Imperative,Subtle Edit,Furniture/Objects
3131,3,Object Replacement,Imperative,Moderate Edit,Food
256884,1,Object Replacement,Imperative,Moderate Edit,Furniture/Objects
256884,2,Object Removal,Imperative,Subtle Edit,Furniture/Objects
329847,1,Object Addition,Imperative,Subtle Edit,People
329847,2,Object Removal,Imperative,Moderate Edit,Furniture/Objects
329847,3,Object Replacement,Imperative,Moderate Edit,People
393226,1,Object Addition,Imperative,Moderate Edit,People
393226,2,Object Replacement,Imperative,Moderate Edit,Vehicles
393226,3,Object Addition,Imperative,Moderate Edit,Animals
450129,1,Object Replacement,Interrogative,Moderate Edit,Food
450129,2,Object Addition,Imperative,Subtle Edit,Food
450129,3,Object Addition,Interrogative,Moderate Edit,Food
463066,1,Attribute Changes,Imperative,Subtle Edit,Animals
43425,1,Object Replacement,Imperative,Moderate Edit,Animals
43425,2,Object Removal,Imperative,Moderate Edit,Animals
43425,3,Object Addition,Imperative,Subtle Edit,Animals
142985,1,Attribute Changes,Imperative,Subtle Edit,People
423391,1,Object Addition,Imperative,Moderate Edit,Animals
393372,1,Color Changes,Imperative,Moderate Edit,People
82679,1,Object Addition,Imperative,Moderate Edit,Animals
353915,1,Object Addition,Imperative,Moderate Edit,People
178928,1,Object Replacement,Imperative,Drastic Edit,Furniture/Objects
178928,2,Object Addition,Imperative,Subtle Edit,People
140043,1,Object Replacement,Imperative,Subtle Edit,Food
10546,1,Object Addition,Imperative,Moderate Edit,Animals
209923,1,Attribute Changes,Imperative,Moderate Edit,Furniture/Objects
209923,2,Object Replacement,Imperative,Moderate Edit,Background/Scene
209923,3,Object Addition,Imperative,Subtle Edit,Furniture/Objects
282572,1,Object Addition,Imperative,Moderate Edit,Animals
282572,2,Object Removal,Imperative,Moderate Edit,Furniture/Objects
282572,3,Object Addition,Imperative,Moderate Edit,People
422328,1,Object Addition,Imperative,Moderate Edit,Animals
422328,2,Attribute Changes,Imperative,Subtle Edit,Animals
422328,3,Attribute Changes,Imperative,Subtle Edit,Animals
104304,1,Attribute Changes,Imperative,Moderate Edit,People
104304,2,Attribute Changes,Imperative,Subtle Edit,People
104304,3,Object Addition,Imperative,Moderate Edit,Furniture/Objects
371643,1,Object Replacement,Imperative,Moderate Edit,Food
371643,2,Object Addition,Imperative,Moderate Edit,Food
371643,3,Scene Changes,Imperative,Moderate Edit,Background/Scene
354126,1,Object Replacement,Imperative,Moderate Edit,Furniture/Objects
354126,2,Object Addition,Imperative,Subtle Edit,Animals
354126,3,Object Addition,Imperative,Subtle Edit,Animals
423935,1,Attribute Changes,Imperative,Subtle Edit,Furniture/Objects
423935,2,Object Addition,Imperative,Moderate Edit,Furniture/Objects
122927,1,Object Addition,Imperative,Moderate Edit,Animals
122927,2,Object Addition,Imperative,Moderate Edit,Background/Scene
122927,3,Object Addition,Imperative,Subtle Edit,Animals
532493,1,Color Changes,Imperative,Subtle Edit,Furniture/Objects
532493,2,Color Changes,Imperative,Subtle Edit,People
532493,3,Color Changes,Imperative,Subtle Edit,Clothing
24629,1,Attribute Changes,Imperative,Subtle Edit,Background/Scene
235802,1,Object Replacement,Imperative,Moderate Edit,Vehicles
235802,2,Scene Changes,Imperative,Drastic Edit,Background/Scene
458804,1,Object Replacement,Imperative,Moderate Edit,Furniture/Objects
102171,1,Color Changes,Imperative,Moderate Edit,Furniture/Objects
181699,1,Object Replacement,Imperative,Moderate Edit,Food
181699,2,Object Addition,Imperative,Moderate Edit,People
181699,3,Object Addition,Imperative,Moderate Edit,Objects
188612,1,Object Addition,Imperative,Subtle Edit,Animals
466845,1,Object Replacement,Imperative,Subtle Edit,Furniture/Objects
337180,1,Object Replacement,Imperative,Subtle Edit,Animals
337180,2,Color Changes,Imperative,Subtle Edit,Animals
337180,3,Scene Changes,Imperative,Moderate Edit,Background/Scene
58268,1,Object Removal,Imperative,Subtle Edit,Furniture/Objects
58268,2,Object Removal,Imperative,Subtle Edit,Furniture/Objects
58268,3,Object Removal,Imperative,Moderate Edit,People
2585,1,Attribute Changes,Imperative,Subtle Edit,People
2585,2,Attribute Changes,Imperative,Subtle Edit,People
2585,3,Object Addition,Imperative,Subtle Edit,Food
490317,1,Attribute Changes,Imperative,Subtle Edit,Furniture/Objects
125106,1,Object Replacement,Imperative,Moderate Edit,Food
125106,2,Object Addition,Imperative,Subtle Edit,Animals
125106,3,Object Addition,Imperative,Moderate Edit,Food
382564,1,Object Removal,Imperative,Subtle Edit,Animals
382564,2,Object Addition,Imperative,Moderate Edit,Furniture/Objects
100558,1,Object Removal,Imperative,Subtle Edit,Furniture/Objects
57350,1,Object Addition,Imperative,Subtle Edit,Animals
57350,2,Object Addition,Imperative,Subtle Edit,Animals
572804,1,Object Addition,Imperative,Subtle Edit,Animals
572804,2,Attribute Changes,Imperative,Moderate Edit,Furniture/Objects
572804,3,Object Replacement,Imperative,Drastic Edit,Vehicles
480489,1,Object Replacement,Imperative,Moderate Edit,Furniture/Objects
480489,2,Scene Changes,Imperative,Drastic Edit,Background/Scene
86582,1,Object Addition,Imperative,Subtle Edit,Animals
86582,2,Object Addition,Imperative,Moderate Edit,Animals
86582,3,Object Addition,Imperative,Subtle Edit,Animals
178403,1,Color Changes,Imperative,Subtle Edit,Food
178403,2,Object Removal,Imperative,Moderate Edit,Furniture/Objects
178403,3,Color Changes,Imperative,Moderate Edit,Food
11091,1,Attribute Changes,Imperative,Subtle Edit,People
106772,1,Object Addition,Interrogative,Moderate Edit,Furniture/Objects
106772,2,Object Addition,Interrogative,Subtle Edit,Clothing
362944,1,Color Changes,Imperative,Moderate Edit,Vehicles
362944,2,Object Replacement,Imperative,Moderate Edit,Furniture/Objects
492077,1,Object Addition,Imperative,Subtle Edit,Furniture/Objects
332877,1,Object Replacement,Imperative,Moderate Edit,Background/Scene
550349,1,Object Removal,Imperative,Moderate Edit,People
550349,2,Object Addition,Imperative,Subtle Edit,Furniture/Objects
532810,1,Object Addition,Imperative,Moderate Edit,Animals
272405,1,Object Replacement,Imperative,Moderate Edit,Background/Scene
272405,2,Object Replacement,Imperative,Moderate Edit,Background/Scene
272405,3,Object Addition,Imperative,Moderate Edit,Vehicles
392837,1,Color Changes,Imperative,Subtle Edit,Furniture/Objects
392837,2,Object Removal,Imperative,Subtle Edit,Background/Scene
392837,3,Object Addition,Imperative,Moderate Edit,Animals
531495,1,Object Addition,Imperative,Moderate Edit,Vehicles
531495,2,Object Addition,Imperative,Moderate Edit,Vehicles
205344,1,Attribute Changes,Imperative,Subtle Edit,People
205344,2,Object Addition,Imperative,Subtle Edit,Furniture/Objects
70952,1,Attribute Changes,Imperative,Subtle Edit,People
70952,2,Color Changes,Imperative,Moderate Edit,People
70952,3,Object Addition,Imperative,Subtle Edit,People
259097,1,Color Changes,Imperative,Subtle Edit,People
259097,2,Object Removal,Imperative,Subtle Edit,Furniture/Objects
259097,3,Color Changes,Imperative,Moderate Edit,Background/Scene
172537,1,Object Removal,Imperative,Moderate Edit,Background/Scene
172537,2,Object Replacement,Imperative,Subtle Edit,Background/Scene
172537,3,Object Addition,Imperative,Moderate Edit,People
142585,1,Color Changes,Imperative,Moderate Edit,Vehicles
273560,1,Object Addition,Imperative,Moderate Edit,Food
273560,2,Object Addition,Imperative,Subtle Edit,Furniture/Objects
273560,3,Object Removal,Imperative,Moderate Edit,Food
308192,1,Object Addition,Imperative,Subtle Edit,Furniture/Objects
308192,2,Object Removal,Imperative,Moderate Edit,Furniture/Objects
102625,1,Object Addition,Imperative,Subtle Edit,Background/Scene
102625,2,Object Replacement,Imperative,Moderate Edit,Background/Scene
102625,3,Color Changes,Imperative,Moderate Edit,Furniture/Objects
25989,1,Object Replacement,Imperative,Moderate Edit,Furniture/Objects
25989,2,Object Addition,Imperative,Moderate Edit,Animals
25989,3,Object Addition,Imperative,Subtle Edit,Furniture/Objects
291861,1,Object Replacement,Imperative,Moderate Edit,Animals
311326,1,Object Replacement,Imperative,Moderate Edit,Food
336015,1,Object Replacement,Imperative,Moderate Edit,Clothing/Equipment
336015,2,Object Replacement,Imperative,Moderate Edit,Background/Scene
336015,3,Object Addition,Imperative,Moderate Edit,Animals
153639,1,Object Replacement,Imperative,Subtle Edit,Furniture/Objects
153639,2,Object Replacement,Imperative,Moderate Edit,Food
153639,3,Object Addition,Imperative,Subtle Edit,People
184384,1,Object Addition,Imperative,Subtle Edit,Food
509416,1,Object Replacement,Imperative,Subtle Edit,Food
292451,1,Object Replacement,Imperative,Moderate Edit,Vehicles
292451,2,Object Addition,Imperative,Moderate Edit,Animals
292451,3,Object Replacement,Imperative,Moderate Edit,Background/Scene
219590,1,Object Addition,Imperative,Subtle Edit,Food
219590,2,Object Removal,Imperative,Subtle Edit,Food
67269,1,Object Replacement,Imperative,Moderate Edit,Vehicles
67269,2,Object Replacement,Imperative,Moderate Edit,Furniture/Objects
333551,1,Attribute Changes,Imperative,Moderate Edit,Furniture/Objects
333551,2,Scene Changes,Imperative,Moderate Edit,Background/Scene
333551,3,Object Addition,Imperative,Moderate Edit,Furniture/Objects
501972,1,Object Replacement,Imperative,Drastic Edit,Vehicles
501972,2,Object Addition,Imperative,Moderate Edit,People
501972,3,Object Addition,Imperative,Moderate Edit,Background/Scene
221222,1,Object Addition,Imperative,Moderate Edit,Animals
365258,1,Object Addition,Imperative,Moderate Edit,Food
365258,2,Object Removal,Imperative,Moderate Edit,Food
465545,1,Object Addition,Imperative,Subtle Edit,Furniture/Objects
581668,1,Object Addition,Imperative,Subtle Edit,Food
109776,1,Object Replacement,Imperative,Moderate Edit,Furniture/Objects
109776,2,Object Removal,Imperative,Moderate Edit,Furniture/Objects
357903,1,Object Removal,Imperative,Moderate Edit,Food
357903,2,Object Replacement,Imperative,Moderate Edit,Food
108871,1,Object Replacement,Imperative,Moderate Edit,Animals
108871,2,Object Replacement,Imperative,Moderate Edit,Furniture/Objects
194956,1,Color Changes,Imperative,Moderate Edit,Vehicles
194956,2,Object Addition,Imperative,Subtle Edit,Animals
194956,3,Object Addition,Imperative,Subtle Edit,Furniture/Objects
520480,1,Object Addition,Imperative,Subtle Edit,Food
574250,1,Object Removal,Imperative,Subtle Edit,Furniture/Objects
450597,1,Attribute Changes,Imperative,Drastic Edit,People
450597,2,Object Addition,Imperative,Moderate Edit,Animals
450597,3,Object Addition,Imperative,Moderate Edit,Background/Scene
267300,1,Object Addition,Imperative,Moderate Edit,Food
267300,2,Attribute Changes,Imperative,Subtle Edit,Animals
270650,1,Object Addition,Imperative,Moderate Edit,Vehicles
215135,1,Object Addition,Imperative,Moderate Edit,Background/Scene
215135,2,Object Addition,Imperative,Moderate Edit,Furniture/Objects
215135,3,Object Addition,Imperative,Moderate Edit,Furniture/Objects
417814,1,Object Replacement,Imperative,Moderate Edit,Background/Scene
452122,1,Object Addition,Imperative,Moderate Edit,Vehicles
544114,1,Object Removal,Imperative,Moderate Edit,Animals
544114,2,Object Addition,Interrogative,Moderate Edit,Background/Scene
544114,3,Object Addition,Imperative,Moderate Edit,Animals
98385,1,Object Replacement,Imperative,Subtle Edit,Food
98385,2,Object Replacement,Imperative,Moderate Edit,Food
98385,3,Object Addition,Imperative,Subtle Edit,Food
540816,1,Attribute Changes,Imperative,Moderate Edit,Vehicles
356888,1,Object Replacement,Imperative,Moderate Edit,Furniture/Objects
356888,2,Object Replacement,Imperative,Moderate Edit,Furniture/Objects
356888,3,Object Addition,Imperative,Moderate Edit,Animals
266961,1,Object Addition,Imperative,Moderate Edit,Background/Scene
266961,2,Object Addition,Imperative,Moderate Edit,Background/Scene
266961,3,Color Changes,Imperative,Subtle Edit,Furniture/Objects
853,1,Object Addition,Imperative,Moderate Edit,Food
853,2,Object Addition,Imperative,Subtle Edit,Furniture/Objects
853,3,Object Replacement,Imperative,Subtle Edit,Furniture/Objects
145741,1,Object Addition,Imperative,Subtle Edit,Animals
459272,1,Color Changes,Imperative,Moderate Edit,Clothing
459272,2,Attribute Changes,Imperative,Subtle Edit,People
459272,3,Attribute Changes,Imperative,Moderate Edit,People
510027,1,Object Replacement,Imperative,Moderate Edit,Food
510027,2,Object Replacement,Imperative,Moderate Edit,Food
510027,3,Object Replacement,Imperative,Moderate Edit,Food
121612,1,Object Addition,Imperative,Subtle Edit,Furniture/Objects
206622,1,Object Removal,Imperative,Moderate Edit,Vehicles
206622,2,Object Replacement,Imperative,Moderate Edit,Furniture/Objects
206622,3,Object Addition,Imperative,Subtle Edit,Animals
177572,1,Object Addition,Imperative,Moderate Edit,Objects
177572,2,Object Addition,Imperative,Moderate Edit,Furniture/Objects
317806,1,Object Addition,Imperative,Subtle Edit,Furniture/Objects
317806,2,Object Addition,Imperative,Subtle Edit,Animals
392687,1,Object Replacement,Imperative,Moderate Edit,Vehicles
392687,2,Attribute Changes,Imperative,Moderate Edit,Background/Scene
392687,3,Attribute Changes,Imperative,Moderate Edit,People
313345,1,Object Replacement,Imperative,Drastic Edit,Background/Scene
313345,2,Object Addition,Imperative,Moderate Edit,Animals
422921,1,Object Replacement,Imperative,Drastic Edit,Furniture/Objects
422921,2,Object Replacement,Imperative,Drastic Edit,Furniture/Objects
422921,3,Color Changes,Imperative,Moderate Edit,Furniture/Objects
566041,1,Color Changes,Imperative,Subtle Edit,Furniture/Objects
566041,2,Object Addition,Imperative,Subtle Edit,Animals
175584,1,Object Addition,Imperative,Moderate Edit,Background/Scene
175584,2,Object Addition,Interrogative,Moderate Edit,Background/Scene
175584,3,Object Replacement,Imperative,Moderate Edit,Animals
13914,1,Attribute Changes,Imperative,Moderate Edit,Animals
465825,1,Object Removal,Imperative,Subtle Edit,Furniture/Objects
80932,1,Object Replacement,Imperative,Moderate Edit,Furniture/Objects
80932,2,Scene Changes,Imperative,Drastic Edit,Background/Scene
456782,1,Color Changes,Imperative,Subtle Edit,Furniture/Objects
456782,2,Object Addition,Imperative,Moderate Edit,Vehicles
456782,3,Object Removal,Imperative,Moderate Edit,Background/Scene
309,1,Object Replacement,Imperative,Moderate Edit,Furniture/Objects
309,2,Object Addition,Imperative,Moderate Edit,People
45999,1,Object Addition,Imperative,Moderate Edit,Animals
45999,2,Color Changes,Imperative,Subtle Edit,Furniture/Objects
45999,3,Object Addition,Imperative,Subtle Edit,Furniture/Objects
560311,1,Object Removal,Imperative,Moderate Edit,Furniture/Objects
26735,1,Color Changes,Imperative,Moderate Edit,Furniture/Objects
26735,2,Object Addition,Imperative,Moderate Edit,Furniture/Objects
26735,3,Object Addition,Interrogative,Moderate Edit,Furniture/Objects
543942,1,Color Changes,Imperative,Subtle Edit,Furniture/Objects
55458,1,Object Removal,Imperative,Moderate Edit,Food
515743,1,Object Addition,Imperative,Moderate Edit,People
515743,2,Object Replacement,Imperative,Moderate Edit,Vehicles
293027,1,Color Changes,Imperative,Subtle Edit,Animals
90145,1,Object Addition,Imperative,Moderate Edit,Animals
140513,1,Object Addition,Imperative,Moderate Edit,Background/Scene
140513,2,Object Addition,Imperative,Moderate Edit,Background/Scene
319096,1,Object Replacement,Imperative,Moderate Edit,Furniture/Objects
319096,2,Object Addition,Imperative,Subtle Edit,Furniture/Objects
393224,1,Attribute Changes,Interrogative,Subtle Edit,People
393224,2,Attribute Changes,Interrogative,Subtle Edit,People
122896,1,Object Addition,Imperative,Moderate Edit,Animals
415314,1,Object Replacement,Imperative,Moderate Edit,Furniture/Objects
415314,2,Object Replacement,Imperative,Moderate Edit,Furniture/Objects
75065,1,Attribute Changes,Imperative,Subtle Edit,Animals
75065,2,Attribute Changes,Imperative,Subtle Edit,Animals
75065,3,Object Addition,Imperative,Moderate Edit,Background/Scene
483587,1,Object Replacement,Imperative,Moderate Edit,Animals
483587,2,Scene Changes,Imperative,Moderate Edit,Background/Scene
393375,1,Object Replacement,Imperative,Moderate Edit,Food
393375,2,Object Replacement,Imperative,Moderate Edit,Furniture/Objects
341070,1,Attribute Changes,Imperative,Subtle Edit,Furniture/Objects
237569,1,Object Addition,Imperative,Subtle Edit,Furniture/Objects
237569,2,Attribute Changes,Imperative,Moderate Edit,People
237569,3,Object Addition,Imperative,Moderate Edit,Furniture/Objects
253975,1,Object Addition,Imperative,Moderate Edit,Vehicles
557105,1,Object Removal,Imperative,Moderate Edit,Plants
557105,2,Object Addition,Imperative,Moderate Edit,Animals
557105,3,Object Addition,Imperative,Moderate Edit,Food
77596,1,Attribute Changes,Imperative,Subtle Edit,Background/Scene
7730,1,Object Replacement,Imperative,Moderate Edit,Animals
7730,2,Color Changes,Imperative,Moderate Edit,Furniture/Objects
369969,1,Object Replacement,Imperative,Moderate Edit,Vehicles
369969,2,Object Replacement,Imperative,Subtle Edit,Objects
399759,1,Attribute Changes,Imperative,Moderate Edit,Food
399759,2,Object Replacement,Imperative,Moderate Edit,People
57357,1,Object Addition,Imperative,Subtle Edit,Animals
57357,2,Object Addition,Imperative,Subtle Edit,Animals
57357,3,Object Addition,Imperative,Moderate Edit,Furniture/Objects
553827,1,Attribute Changes,Imperative,Moderate Edit,Animals
193680,1,Object Replacement,Imperative,Moderate Edit,Animals
358868,1,Attribute Changes,Imperative,Subtle Edit,Animals
535902,1,Object Replacement,Imperative,Moderate Edit,Furniture/Objects
302107,1,Attribute Changes,Imperative,Moderate Edit,People
302107,2,Color Changes,Imperative,Subtle Edit,People
158548,1,Color Changes,Imperative,Subtle Edit,Animals
158548,2,Object Addition,Imperative,Subtle Edit,Animals
458821,1,Object Addition,Interrogative,Subtle Edit,Furniture/Objects
17320,1,Color Changes,Imperative,Subtle Edit,Furniture/Objects
17320,2,Object Replacement,Imperative,Drastic Edit,Animals
17320,3,Object Addition,Imperative,Subtle Edit,Furniture/Objects
491430,1,Color Changes,Imperative,Subtle Edit,People
163114,1,Object Replacement,Imperative,Drastic Edit,Vehicles
163114,2,Scene Changes,Imperative,Moderate Edit,Furniture/Objects
493074,1,Color Changes,Imperative,Subtle Edit,Animals
493074,2,Color Changes,Imperative,Moderate Edit,Furniture/Objects
493074,3,Object Removal,Imperative,Moderate Edit,Furniture/Objects
417830,1,Object Replacement,Imperative,Subtle Edit,Food
417830,2,Object Addition,Imperative,Moderate Edit,Other
417830,3,Object Addition,Imperative,Moderate Edit,Furniture/Objects
299200,1,Object Removal,Imperative,Moderate Edit,People
299200,2,Attribute Changes,Imperative,Subtle Edit,Furniture/Objects
299200,3,Object Addition,Imperative,Drastic Edit,Background/Scene
134290,1,Color Changes,Imperative,Moderate Edit,People
134290,2,Object Addition,Imperative,Moderate Edit,People
234956,1,Object Replacement,Imperative,Moderate Edit,Background/Scene
234956,2,Object Replacement,Imperative,Moderate Edit,Vehicles
234956,3,Object Addition,Imperative,Subtle Edit,Animals
357220,1,Color Changes,Imperative,Subtle Edit,Furniture/Objects
102724,1,Object Replacement,Imperative,Moderate Edit,Animals
150812,1,Object Addition,Imperative,Moderate Edit,Animals
308507,1,Object Addition,Imperative,Subtle Edit,Furniture/Objects
308507,2,Object Addition,Imperative,Moderate Edit,Furniture/Objects
308507,3,Object Addition,Imperative,Moderate Edit,Background/Scene
91839,1,Object Addition,Interrogative,Subtle Edit,Furniture/Objects
142510,1,Object Addition,Imperative,Subtle Edit,Vehicles
142510,2,Object Removal,Imperative,Moderate Edit,Background/Scene
187866,1,Attribute Changes,Imperative,Moderate Edit,People
187866,2,Object Addition,Imperative,Subtle Edit,People
96497,1,Object Addition,Imperative,Subtle Edit,Furniture/Objects
453302,1,Object Addition,Imperative,Moderate Edit,People
410182,1,Object Removal,Imperative,Subtle Edit,Food
92009,1,Object Addition,Imperative,Moderate Edit,Animals
92009,2,Object Removal,Imperative,Moderate Edit,Furniture/Objects
92009,3,Attribute Changes,Imperative,Subtle Edit,Animals
29324,1,Object Removal,Imperative,Moderate Edit,Furniture/Objects
538741,1,Attribute Changes,Imperative,Subtle Edit,Clothing
538741,2,Color Changes,Imperative,Subtle Edit,People
25139,1,Object Addition,Imperative,Subtle Edit,Animals
465301,1,Object Addition,Imperative,Moderate Edit,Furniture/Objects
563122,1,Attribute Changes,Imperative,Subtle Edit,People
563122,2,Attribute Changes,Imperative,Moderate Edit,People
563122,3,Object Replacement,Imperative,Moderate Edit,Furniture/Objects
426040,1,Object Replacement,Imperative,Subtle Edit,Furniture/Objects
468505,1,Object Replacement,Imperative,Drastic Edit,Food
100081,1,Object Replacement,Imperative,Subtle Edit,Furniture/Objects
100081,2,Object Addition,Imperative,Moderate Edit,Animals
100081,3,Object Addition,Imperative,Moderate Edit,Animals
429011,1,Color Changes,Imperative,Moderate Edit,Furniture/Objects
429011,2,Color Changes,Imperative,Moderate Edit,Background/Scene
429011,3,Object Addition,Imperative,Subtle Edit,Animals
204863,1,Attribute Changes,Imperative,Moderate Edit,People
24585,1,Object Addition,Imperative,Drastic Edit,Animals
254387,1,Attribute Changes,Imperative,Subtle Edit,People
291614,1,Object Addition,Imperative,Subtle Edit,Animals
291614,2,Object Removal,Imperative,Moderate Edit,Furniture/Objects
536073,1,Object Addition,Imperative,Subtle Edit,Food
536073,2,Object Addition,Imperative,Moderate Edit,Furniture/Objects
536073,3,Object Addition,Imperative,Moderate Edit,Furniture/Objects
129587,1,Object Replacement,Imperative,Subtle Edit,Food
129587,2,Scene Changes,Interrogative,Moderate Edit,Background/Scene
129587,3,Object Addition,Imperative,Moderate Edit,Background/Scene
34,1,Object Removal,Imperative,Moderate Edit,Animals
34,2,Attribute Changes,Imperative,Moderate Edit,Animals
39480,1,Color Changes,Imperative,Subtle Edit,People
134597,1,Object Addition,Imperative,Subtle Edit,Animals
134597,2,Color Changes,Imperative,Subtle Edit,Furniture/Objects
6484,1,Object Removal,Imperative,Subtle Edit,Furniture/Objects
6484,2,Attribute Changes,Imperative,Moderate Edit,Food
6484,3,Object Replacement,Imperative,Moderate Edit,Furniture/Objects
393271,1,Object Addition,Imperative,Moderate Edit,Furniture/Objects
417832,1,Object Addition,Imperative,Subtle Edit,People
262161,1,Color Changes,Imperative,Moderate Edit,Vehicles
262161,2,Object Addition,Imperative,Moderate Edit,Background/Scene
262161,3,Object Addition,Imperative,Moderate Edit,Furniture/Objects
529376,1,Attribute Changes,Imperative,Subtle Edit,People
529376,2,Object Removal,Imperative,Moderate Edit,People
529376,3,Attribute Changes,Imperative,Moderate Edit,People
240967,1,Object Addition,Imperative,Moderate Edit,Furniture/Objects
240967,2,Attribute Changes,Imperative,Subtle Edit,Vehicles
335479,1,Attribute Changes,Imperative,Moderate Edit,People
249441,1,Color Changes,Interrogative,Moderate Edit,Vehicles
249441,2,Object Addition,Interrogative,Moderate Edit,Background/Scene
158726,1,Object Replacement,Imperative,Moderate Edit,Food
158726,2,Object Replacement,Imperative,Moderate Edit,Food
221427,1,Object Addition,Imperative,Subtle Edit,Animals
5434,1,Attribute Changes,Imperative,Subtle Edit,Animals
5434,2,Attribute Changes,Imperative,Moderate Edit,Furniture/Objects
5434,3,Object Addition,Imperative,Moderate Edit,Plants
270186,1,Object Addition,Imperative,Moderate Edit,Furniture/Objects
407550,1,Object Replacement,Imperative,Moderate Edit,Food
315319,1,Object Replacement,Imperative,Moderate Edit,Furniture/Objects
315319,2,Object Addition,Imperative,Subtle Edit,Animals
49,1,Object Removal,Imperative,Moderate Edit,People
49,2,Object Addition,Imperative,Moderate Edit,Background/Scene
49,3,Object Addition,Imperative,Moderate Edit,Background/Scene
106508,1,Object Replacement,Imperative,Drastic Edit,Vehicles
106508,2,Object Addition,Imperative,Moderate Edit,People
148240,1,Object Addition,Imperative,Subtle Edit,Food
148240,2,Object Addition,Interrogative,Subtle Edit,Food
50507,1,Object Removal,Imperative,Moderate Edit,Furniture/Objects
50507,2,Object Addition,Imperative,Moderate Edit,Furniture/Objects
409181,1,Object Addition,Imperative,Moderate Edit,Background/Scene
54492,1,Attribute Changes,Imperative,Moderate Edit,Animals
54492,2,Object Removal,Imperative,Moderate Edit,Furniture/Objects
54492,3,Object Removal,Imperative,Moderate Edit,Furniture/Objects
359569,1,Object Replacement,Imperative,Subtle Edit,Furniture/Objects
112286,1,Object Replacement,Imperative,Moderate Edit,Furniture/Objects
112286,2,Scene Changes,Imperative,Moderate Edit,Background/Scene
112286,3,Object Addition,Imperative,Moderate Edit,Animals
294973,1,Object Replacement,Imperative,Drastic Edit,Furniture/Objects
294973,2,Object Removal,Imperative,Moderate Edit,Furniture/Objects
294973,3,Object Addition,Imperative,Moderate Edit,Furniture/Objects
90192,1,Color Changes,Imperative,Subtle Edit,Furniture/Objects
90192,2,Attribute Changes,Imperative,Moderate Edit,Food
111376,1,Object Addition,Imperative,Subtle Edit,Animals
475645,1,Object Addition,Imperative,Moderate Edit,Furniture/Objects
475645,2,Object Removal,Imperative,Moderate Edit,Furniture/Objects
229301,1,Object Replacement,Imperative,Moderate Edit,Furniture/Objects
229301,2,Object Addition,Imperative,Subtle Edit,Background/Scene
229301,3,Object Addition,Imperative,Subtle Edit,Animals
352426,1,Scene Changes,Imperative,Moderate Edit,Background/Scene
352426,2,Object Addition,Imperative,Moderate Edit,People
352426,3,Scene Changes,Imperative,Drastic Edit,Background/Scene
416315,1,Object Replacement,Imperative,Moderate Edit,Animals
416315,2,Object Addition,Imperative,Moderate Edit,Food
189893,1,Object Addition,Imperative,Moderate Edit,Furniture/Objects
189893,2,Attribute Changes,Imperative,Moderate Edit,Background/Scene
7996,1,Attribute Changes,Imperative,Moderate Edit,People
7996,2,Object Addition,Imperative,Subtle Edit,People
7996,3,Object Addition,Imperative,Moderate Edit,Furniture/Objects
460254,1,Object Replacement,Imperative,Moderate Edit,People
147546,1,Object Replacement,Imperative,Moderate Edit,Food
565012,1,Color Changes,Imperative,Moderate Edit,Furniture/Objects
565012,2,Object Addition,Imperative,Moderate Edit,Furniture/Objects
512576,1,Object Replacement,Imperative,Moderate Edit,Furniture/Objects
512576,2,Attribute Changes,Imperative,Subtle Edit,Furniture/Objects
512576,3,Object Addition,Imperative,Moderate Edit,Furniture/Objects
204837,1,Object Addition,Imperative,Moderate Edit,People
214848,1,Object Replacement,Imperative,Moderate Edit,Furniture/Objects
214848,2,Object Addition,Imperative,Moderate Edit,Animals
570297,1,Color Changes,Imperative,Subtle Edit,Furniture/Objects
357865,1,Attribute Changes,Imperative,Subtle Edit,Furniture/Objects
357865,2,Object Addition,Imperative,Moderate Edit,Furniture/Objects
357865,3,Object Addition,Imperative,Moderate Edit,Background/Scene
142400,1,Object Replacement,Imperative,Moderate Edit,Food
142400,2,Object Addition,Imperative,Subtle Edit,Furniture/Objects
265748,1,Object Removal,Imperative,Moderate Edit,Furniture/Objects
265748,2,Object Addition,Imperative,Subtle Edit,People
265748,3,Object Addition,Imperative,Subtle Edit,Animals
398575,1,Object Replacement,Imperative,Moderate Edit,Furniture/Objects
398575,2,Scene Changes,Imperative,Drastic Edit,Background/Scene
398575,3,Object Addition,Imperative,Moderate Edit,People
15653,1,Object Addition,Imperative,Subtle Edit,Furniture/Objects
475195,1,Object Addition,Imperative,Moderate Edit,Food
475195,2,Object Addition,Imperative,Subtle Edit,Food
519172,1,Object Removal,Interrogative,Moderate Edit,People
519172,2,Object Addition,Interrogative,Moderate Edit,Background/Scene
519172,3,Object Addition,Imperative,Moderate Edit,Vehicles
376859,1,Object Addition,Imperative,Subtle Edit,Clothing
395040,1,Attribute Changes,Interrogative,Moderate Edit,People
130518,1,Object Replacement,Imperative,Moderate Edit,Furniture/Objects
130518,2,Object Removal,Imperative,Moderate Edit,Furniture/Objects
403265,1,Color Changes,Imperative,Moderate Edit,Furniture/Objects
403265,2,Object Addition,Imperative,Subtle Edit,Animals
403265,3,Color Changes,Imperative,Subtle Edit,Furniture/Objects
580685,1,Object Replacement,Imperative,Moderate Edit,Food
580685,2,Object Addition,Imperative,Subtle Edit,Food
580685,3,Color Changes,Interrogative,Subtle Edit,Furniture/Objects
207833,1,Object Addition,Imperative,Moderate Edit,Animals
334809,1,Object Replacement,Imperative,Moderate Edit,Food
381199,1,Object Replacement,Imperative,Moderate Edit,Food
381199,2,Object Replacement,Imperative,Subtle Edit,Food
177824,1,Attribute Changes,Imperative,Moderate Edit,Furniture/Objects
177824,2,Attribute Changes,Imperative,Moderate Edit,Background/Scene
177824,3,Object Addition,Imperative,Moderate Edit,Animals
129062,1,Object Addition,Imperative,Moderate Edit,Animals
129062,2,Object Addition,Imperative,Subtle Edit,Food
129062,3,Object Addition,Imperative,Moderate Edit,Furniture/Objects
203920,1,Object Replacement,Imperative,Moderate Edit,Background/Scene
184184,1,Object Addition,Imperative,Subtle Edit,Food
184184,2,Object Removal,Imperative,Moderate Edit,Food
428304,1,Object Removal,Imperative,Moderate Edit,Food
428304,2,Object Removal,Imperative,Moderate Edit,Food
31749,1,Object Addition,Imperative,Subtle Edit,Furniture/Objects
524924,1,Object Replacement,Imperative,Drastic Edit,Furniture/Objects
524924,2,Object Replacement,Imperative,Moderate Edit,Food
524924,3,Object Replacement,Imperative,Moderate Edit,Food
190360,1,Attribute Changes,Imperative,Subtle Edit,Animals
190360,2,Object Addition,Imperative,Moderate Edit,People
190360,3,Object Addition,Imperative,Subtle Edit,Furniture/Objects
381112,1,Object Removal,Imperative,Moderate Edit,Animals
381112,2,Color Changes,Imperative,Subtle Edit,Furniture/Objects
381112,3,Object Addition,Imperative,Subtle Edit,Animals
182759,1,Attribute Changes,Imperative,Subtle Edit,Animals
182759,2,Attribute Changes,Imperative,Subtle Edit,Animals
182759,3,Attribute Changes,Imperative,Subtle Edit,Animals
44437,1,Object Addition,Imperative,Subtle Edit,People
44437,2,Object Addition,Imperative,Subtle Edit,People
151,1,Object Addition,Imperative,Moderate Edit,Animals
480776,1,Object Addition,Imperative,Moderate Edit,Background/Scene
480776,2,Object Addition,Interrogative,Moderate Edit,Background/Scene
50151,1,Object Addition,Interrogative,Subtle Edit,People
50151,2,Object Addition,Imperative,Moderate Edit,Animals
50151,3,Attribute Changes,Imperative,Moderate Edit,Furniture/Objects
211860,1,Attribute Changes,Imperative,Moderate Edit,People
211860,2,Color Changes,Imperative,Subtle Edit,People
496215,1,Object Addition,Imperative,Subtle Edit,People
496215,2,Object Addition,Imperative,Subtle Edit,Furniture/Objects
155790,1,Object Replacement,Imperative,Moderate Edit,Furniture/Objects
155790,2,Scene Changes,Imperative,Moderate Edit,Background/Scene
155790,3,Object Addition,Interrogative,Subtle Edit,Furniture/Objects
236599,1,Attribute Changes,Imperative,Moderate Edit,People
513580,1,Object Removal,Imperative,Moderate Edit,People
577847,1,Object Replacement,Imperative,Moderate Edit,Food
577847,2,Object Replacement,Imperative,Moderate Edit,Food
577847,3,Object Addition,Imperative,Moderate Edit,Food
523394,1,Color Changes,Imperative,Moderate Edit,Furniture/Objects
139276,1,Object Addition,Interrogative,Subtle Edit,People
